createdby,createdbyname,createdon,createdonbehalfby,createdonbehalfbyname,importsequencenumber,modifiedby,modifiedbyname,modifiedon,modifiedonbehalfby,modifiedonbehalfbyname,overriddencreatedon,ownerid,owneridname,owneridtype,owningbusinessunit,owningbusinessunitname,owningteam,owningteamname,owninguser,owningusername,statecode,statecodename,statuscode,statuscodename,timezoneruleversionnumber,utcconversiontimezonecode,versionnumber,ya__11,ya__12,ya__13,ya__14,ya__21,ya__22,ya__23,ya__24,ya__31,ya__32,ya__33,ya__34,ya__41,ya__42,ya__51,ya__52,ya_column01,ya_column02,ya_column03,ya_column04,ya_column05,ya_column06,ya_column06name,ya_column07,ya_column08,ya_column09,ya_column10,ya_column11,ya_column12,ya_column13,ya_column13name,ya_column14,ya_column15,ya_e,ya_fax1,ya_fax2,ya_fax3,ya_givenname,ya_memberid,ya_parent,ya_parentname,ya_surname
2a877c4f-2666-ef11-a670-002248f09e6b,Aw Admin,2024-11-13 08:48:36.000,NULL,NULL,NULL,2a877c4f-2666-ef11-a670-002248f09e6b,Aw Admin,2024-11-13 08:48:36.000,NULL,NULL,NULL,2a877c4f-2666-ef11-a670-002248f09e6b,Aw Admin,systemuser,38807c4f-2666-ef11-a670-002248f09e6b,orgfa5b0cd9,NULL,NULL,2a877c4f-2666-ef11-a670-002248f09e6b,NULL,0,アクティブ,1,アクティブ,21,NULL,NULL,029,080,茨城県,イバラキケン,477,1255,ひたちなか市,ヒタチナカシ,2557,9930,相金町,ソウガネチョウ,2-8-1,2-8-1,NULL,NULL,重田 夏乃子,重田,夏乃子,シゲタ,カノコ,1,女,029-477-2557,080-1255-9930,311-1246,茨城県ひたちなか市相金町2-8-1,2007-12-28 15:00:00.000,岩手県,1,AB,8487,#Nb2ofS#nP%1wZBjwm#7,kanokoshigeta@uyzol.rq,029,477,2557,Kanoko,e3ff2f0e-9ca1-ef11-8a69-000d3acf17ba,NULL,NULL,Shigeta
2a877c4f-2666-ef11-a670-002248f09e6b,Aw Admin,2024-11-13 08:48:36.000,NULL,NULL,NULL,2a877c4f-2666-ef11-a670-002248f09e6b,Aw Admin,2024-11-13 08:48:36.000,NULL,NULL,NULL,2a877c4f-2666-ef11-a670-002248f09e6b,Aw Admin,systemuser,38807c4f-2666-ef11-a670-002248f09e6b,orgfa5b0cd9,NULL,NULL,2a877c4f-2666-ef11-a670-002248f09e6b,NULL,0,アクティブ,1,アクティブ,21,NULL,NULL,0942,080,佐賀県,サガケン,05,8665,東松浦郡玄海町,ヒガシマツウラグンゲンカイチョウ,4963,4392,普恩寺,フオンジ,3-4-8,3-4-8,NULL,NULL,並木 拓也,並木,拓也,ナミキ,タクヤ,0,男,0942-05-4963,080-8665-4392,847-1431,佐賀県東松浦郡玄海町普恩寺3-4-8,1948-12-27 15:00:00.000,山形県,2,O,6640,W?YQkU7VJIY0#PaGnpaO,takuyanamiki@yqmzkok.law,NULL,NULL,NULL,Takuya,e4ff2f0e-9ca1-ef11-8a69-000d3acf17ba,NULL,NULL,Namiki
2a877c4f-2666-ef11-a670-002248f09e6b,Aw Admin,2024-11-13 08:48:36.000,NULL,NULL,NULL,2a877c4f-2666-ef11-a670-002248f09e6b,Aw Admin,2024-11-13 08:48:36.000,NULL,NULL,NULL,2a877c4f-2666-ef11-a670-002248f09e6b,Aw Admin,systemuser,38807c4f-2666-ef11-a670-002248f09e6b,orgfa5b0cd9,NULL,NULL,2a877c4f-2666-ef11-a670-002248f09e6b,NULL,0,アクティブ,1,アクティブ,21,NULL,NULL,029,080,茨城県,イバラキケン,071,7746,笠間市,カサマシ,6851,2046,小原,オバラ,2-17-10,2-17-10,NULL,NULL,長岡 松雄,長岡,松雄,ナガオカ,マツオ,0,男,029-071-6851,080-7746-2046,309-1701,茨城県笠間市小原2-17-10,1942-06-20 15:00:00.000,茨城県,0,A,1344,%7Bg88sE4-rWmc0kdR?v,matsuo39811@pvaekqky.qx,NULL,NULL,NULL,Matsuo,e5ff2f0e-9ca1-ef11-8a69-000d3acf17ba,NULL,NULL,Nagaoka
2a877c4f-2666-ef11-a670-002248f09e6b,Aw Admin,2024-11-13 08:48:36.000,NULL,NULL,NULL,2a877c4f-2666-ef11-a670-002248f09e6b,Aw Admin,2024-11-13 08:48:36.000,NULL,NULL,NULL,2a877c4f-2666-ef11-a670-002248f09e6b,Aw Admin,systemuser,38807c4f-2666-ef11-a670-002248f09e6b,orgfa5b0cd9,NULL,NULL,2a877c4f-2666-ef11-a670-002248f09e6b,NULL,0,アクティブ,1,アクティブ,21,NULL,NULL,017,NULL,青森県,アオモリケン,316,NULL,青森市,アオモリシ,0697,NULL,浪岡細野,ナミオカホソノ,3-3-15,3-3-15,NULL,NULL,佐竹 幸征,佐竹,幸征,サタケ,コウセイ,0,男,017-316-0697,NULL,038-1322,青森県青森市浪岡細野3-3-15,2016-11-02 15:00:00.000,愛知県,2,O,5564,acbZj543ZxKJgwLzU8aC,isatake@ytthtxgktj.kz.xx,NULL,NULL,NULL,Kousei,e6ff2f0e-9ca1-ef11-8a69-000d3acf17ba,NULL,NULL,Satake
2a877c4f-2666-ef11-a670-002248f09e6b,Aw Admin,2024-11-13 08:48:35.000,NULL,NULL,NULL,2a877c4f-2666-ef11-a670-002248f09e6b,Aw Admin,2024-11-13 08:48:35.000,NULL,NULL,NULL,2a877c4f-2666-ef11-a670-002248f09e6b,Aw Admin,systemuser,38807c4f-2666-ef11-a670-002248f09e6b,orgfa5b0cd9,NULL,NULL,2a877c4f-2666-ef11-a670-002248f09e6b,NULL,0,アクティブ,1,アクティブ,21,NULL,NULL,04,090,千葉県,チバケン,9649,1249,成田市,ナリタシ,8142,9447,宝田,タカラダ,1-7-8,1-7-8,宝田フォレスト104,タカラダフォレスト104,手島 重治,手島,重治,テジマ,シゲハル,0,男,04-9649-8142,090-1249-9447,286-0844,千葉県成田市宝田1-7-8宝田フォレスト104,1974-03-11 15:00:00.000,福井県,3,B,574,F9WHpLqrIPDBLQ-5HYC-,shigeharu9814@keylq.olcyq.vtw,NULL,NULL,NULL,NULL,cfff2f0e-9ca1-ef11-8a69-000d3acf17ba,NULL,NULL,NULL
2a877c4f-2666-ef11-a670-002248f09e6b,Aw Admin,2024-11-13 08:48:35.000,NULL,NULL,NULL,2a877c4f-2666-ef11-a670-002248f09e6b,Aw Admin,2024-11-13 08:48:35.000,NULL,NULL,NULL,2a877c4f-2666-ef11-a670-002248f09e6b,Aw Admin,systemuser,38807c4f-2666-ef11-a670-002248f09e6b,orgfa5b0cd9,NULL,NULL,2a877c4f-2666-ef11-a670-002248f09e6b,NULL,0,アクティブ,1,アクティブ,21,NULL,NULL,0276,080,群馬県,グンマケン,37,5918,館林市,タテバヤシシ,7124,8741,羽附旭町,ハネツクアサヒチョウ,2-5,2-5,NULL,NULL,春日 寧音,春日,寧音,カスガ,ネネ,1,女,0276-37-7124,080-5918-8741,374-0012,群馬県館林市羽附旭町2-5,1995-04-18 15:00:00.000,神奈川県,3,B,6873,5@6gvcq4mA0D61993_rm,nene055@quorkaonn.la,NULL,NULL,NULL,NULL,d0ff2f0e-9ca1-ef11-8a69-000d3acf17ba,NULL,NULL,NULL
2a877c4f-2666-ef11-a670-002248f09e6b,Aw Admin,2024-11-13 08:48:35.000,NULL,NULL,NULL,2a877c4f-2666-ef11-a670-002248f09e6b,Aw Admin,2024-11-13 08:48:35.000,NULL,NULL,NULL,2a877c4f-2666-ef11-a670-002248f09e6b,Aw Admin,systemuser,38807c4f-2666-ef11-a670-002248f09e6b,orgfa5b0cd9,NULL,NULL,2a877c4f-2666-ef11-a670-002248f09e6b,NULL,0,アクティブ,1,アクティブ,21,NULL,NULL,0767,090,石川県,イシカワケン,73,6102,白山市,ハクサンシ,6793,0484,渡津町,ワタヅマチ,1-7,1-7,渡津町ヒル308,ワタヅマチヒル308,勝田 由良,勝田,由良,カツタ,ユラ,1,女,0767-73-6793,090-6102-0484,920-2366,石川県白山市渡津町1-7渡津町ヒル308,1959-05-21 15:00:00.000,青森県,0,A,1861,W3hGTwEWZOEnmwx3uas8,yura_katsuta@rquoiz.lcz,NULL,NULL,NULL,NULL,d1ff2f0e-9ca1-ef11-8a69-000d3acf17ba,NULL,NULL,NULL
2a877c4f-2666-ef11-a670-002248f09e6b,Aw Admin,2024-11-13 08:48:35.000,NULL,NULL,NULL,2a877c4f-2666-ef11-a670-002248f09e6b,Aw Admin,2024-11-13 08:48:35.000,NULL,NULL,NULL,2a877c4f-2666-ef11-a670-002248f09e6b,Aw Admin,systemuser,38807c4f-2666-ef11-a670-002248f09e6b,orgfa5b0cd9,NULL,NULL,2a877c4f-2666-ef11-a670-002248f09e6b,NULL,0,アクティブ,1,アクティブ,21,NULL,NULL,0776,080,福井県,フクイケン,74,3911,勝山市,カツヤマシ,4466,5277,平泉寺町笹尾,ヘイセンジチョウササオ,2-7-17,2-7-17,NULL,NULL,高畑 泰男,高畑,泰男,タカハタ,ヤスオ,0,男,0776-74-4466,080-3911-5277,911-0827,福井県勝山市平泉寺町笹尾2-7-17,1978-12-26 15:00:00.000,福島県,0,A,6206,fX6UFvj#cGqCHv!Q9a1D,ozvaeuuyyasuo69667@zusrkad.djy.kcu,NULL,NULL,NULL,NULL,d2ff2f0e-9ca1-ef11-8a69-000d3acf17ba,NULL,NULL,NULL
2a877c4f-2666-ef11-a670-002248f09e6b,Aw Admin,2024-11-13 08:48:35.000,NULL,NULL,NULL,2a877c4f-2666-ef11-a670-002248f09e6b,Aw Admin,2024-11-13 08:48:35.000,NULL,NULL,NULL,2a877c4f-2666-ef11-a670-002248f09e6b,Aw Admin,systemuser,38807c4f-2666-ef11-a670-002248f09e6b,orgfa5b0cd9,NULL,NULL,2a877c4f-2666-ef11-a670-002248f09e6b,NULL,0,アクティブ,1,アクティブ,21,NULL,NULL,083,090,山口県,ヤマグチケン,769,4813,山口市,ヤマグチシ,5019,5998,秋穂二島,アイオフタジマ,2-5-12,2-5-12,コート秋穂二島207,コートアイオフタジマ207,藤田 実希子,藤田,実希子,フジタ,ミキコ,1,女,083-769-5019,090-4813-5998,754-0893,山口県山口市秋穂二島2-5-12コート秋穂二島207,1972-12-21 15:00:00.000,宮崎県,2,O,6730,9LYY?zgyCy%XDMoVy@i@,l=mcrjalmikiko6309@lprkrd.rmg,083,769,5020,Mikiko,d3ff2f0e-9ca1-ef11-8a69-000d3acf17ba,NULL,NULL,Fujita
2a877c4f-2666-ef11-a670-002248f09e6b,Aw Admin,2024-11-13 08:48:35.000,NULL,NULL,NULL,2a877c4f-2666-ef11-a670-002248f09e6b,Aw Admin,2024-11-13 08:48:35.000,NULL,NULL,NULL,2a877c4f-2666-ef11-a670-002248f09e6b,Aw Admin,systemuser,38807c4f-2666-ef11-a670-002248f09e6b,orgfa5b0cd9,NULL,NULL,2a877c4f-2666-ef11-a670-002248f09e6b,NULL,0,アクティブ,1,アクティブ,21,NULL,NULL,087,NULL,香川県,カガワケン,166,NULL,仲多度郡多度津町,ナカタドグンタドツチョウ,8204,NULL,大通り,オオドオリ,4-4-10,4-4-10,NULL,NULL,村瀬 文昭,村瀬,文昭,ムラセ,フミアキ,0,男,087-166-8204,NULL,764-0005,香川県仲多度郡多度津町大通り4-4-10,1925-09-14 15:00:00.000,香川県,0,A,1963,HN5g9rx%O3zAG6z-Pdj6,fumiaki371@yrpew.msqll.zml,NULL,NULL,NULL,Fumiaki,d4ff2f0e-9ca1-ef11-8a69-000d3acf17ba,NULL,NULL,Murase
2a877c4f-2666-ef11-a670-002248f09e6b,Aw Admin,2024-11-13 08:48:35.000,NULL,NULL,NULL,2a877c4f-2666-ef11-a670-002248f09e6b,Aw Admin,2024-11-13 08:48:35.000,NULL,NULL,NULL,2a877c4f-2666-ef11-a670-002248f09e6b,Aw Admin,systemuser,38807c4f-2666-ef11-a670-002248f09e6b,orgfa5b0cd9,NULL,NULL,2a877c4f-2666-ef11-a670-002248f09e6b,NULL,0,アクティブ,1,アクティブ,21,NULL,NULL,088,080,徳島県,トクシマケン,863,6386,徳島市,トクシマシ,8444,1656,北沖洲,キタオキノス,2-3,2-3,テラス北沖洲309,テラスキタオキノス309,北村 詩音,北村,詩音,キタムラ,シオン,1,女,088-863-8444,080-6386-1656,770-0872,徳島県徳島市北沖洲2-3テラス北沖洲309,1963-05-16 15:00:00.000,秋田県,0,A,1873,LYuphXWXbXW5eXALjjyu,shion5032@xsbhdat.dwsto.jr,NULL,NULL,NULL,Shion,d5ff2f0e-9ca1-ef11-8a69-000d3acf17ba,NULL,NULL,Kitamura
2a877c4f-2666-ef11-a670-002248f09e6b,Aw Admin,2024-11-13 08:48:35.000,NULL,NULL,NULL,2a877c4f-2666-ef11-a670-002248f09e6b,Aw Admin,2024-11-13 08:48:35.000,NULL,NULL,NULL,2a877c4f-2666-ef11-a670-002248f09e6b,Aw Admin,systemuser,38807c4f-2666-ef11-a670-002248f09e6b,orgfa5b0cd9,NULL,NULL,2a877c4f-2666-ef11-a670-002248f09e6b,NULL,0,アクティブ,1,アクティブ,21,NULL,NULL,0746,080,奈良県,ナラケン,76,5405,葛城市,カツラギシ,5383,2362,木戸,キド,2-9-4,2-9-4,NULL,NULL,青木 尚三,青木,尚三,アオキ,ショウゾウ,0,男,0746-76-5383,080-5405-2362,639-2161,奈良県葛城市木戸2-9-4,1984-05-03 15:00:00.000,静岡県,0,A,6209,vWXR5CEXK%ZQ0IGXXoYp,pohutdshouzou9581@skng.dznt.fpz,NULL,NULL,NULL,Shouzou,d6ff2f0e-9ca1-ef11-8a69-000d3acf17ba,NULL,NULL,Aoki
